,theta,theta_dot,obs,0,3
0,,,,1.3061244511454309,6.07709843965165
1,,,,-0.26024719262492346,-1.5854558270007947e-07
2,,,,[ 0.26159258  0.96517839 -0.26024719],[ 9.78839156e-01 -2.04631149e-01 -1.58545583e-07]
